Discount_Percentage,Due_Date,Email_Client,Name_Client,Products,Remise,Subtotal,Tax,Tax_Precentage,Tel_Client,billing address,invoice date
Front and rear brake cables 10000 10000 New set of pedal arms 1500 3000 Labor 3hrs 500 1500,US001,11022019.0,14500.0,3787 Pineview Drive Cambridge MA 12210,Court Square New York NY 12210,S15406,5259.0,906.0,,,
Front and rear brake cables 10000 10000 New set of pedal arms 1500 3000 Labor 3hrs 500 1500,US001,11022019.0,14500.0,3787 Pineview Drive Cambridge MA 12210,Court Square New York NY 12210,S15406,5259.0,906.0,,,
Descriplion prudut suvice 600 Deseription du oduit Ou servicu ici 500  Decupuu prudut senvict 500 Description produit service ict Gno Debcrpliundu prudut surviceic 500 Deseription du produit ou Revicec 500 Descripuion du pludul ou sunvic T0o C 500,20077030,,,,,,,,,,
Front and rear brake cables 10000 10000 New set of pedal arms 1500 3000 Labor 3hrs 500 1500,US001,11022019.0,14500.0,3787 Pineview Drive Cambridge MA 12210,Court Square New York NY 12210,S15406,5259.0,906.0,,,
Front and rear brake cables 10000 10000 New set of pedal arms 1500 3000 Labor 3hrs 500 1500,US001,11022019.0,14500.0,3787 Pineview Drive Cambridge MA 12210,Court Square New York NY 12210,S15406,5259.0,906.0,,,
5406,sheeting 10 200 2000 Insulation Installation 10 300 3000 Labor 20 40 S800 Dry wal,56206.0,182626VB,55800,325 Partridge St   Augusta,infonudenfinld Coit,Eden Fields Ltd,,,,
Storbook 5120 S4f0 Muqazne u 5a0n yoleddke 420 5240 Comlc 5130 5490 Noye 5170 5240,,,,Samira Hadid,,,51680,120701z,,,
Storbook 5120 S4f0 Muqazne u 5a0n yoleddke 420 5240 Comlc 5130 5490 Noye 5170 5240,,,,Samira Hadid,,,51680,120701z,,,
French Baguette S10O SL00 Croissant S80 5180 Carrol cke slice 5280 5280 Pain chocolat S300 5300,139 Veda Ports Apt _ 566 CO 81643 Mesa,22122020.0,,22122020,S680,8068,,,,,
French Baguette S10O SL00 Croissant S80 5180 Carrol cke slice 5280 5280 Pain chocolat S300 5300,139 Veda Ports Apt _ 566 CO 81643 Mesa,22122020.0,,22122020,S680,8068,,,,,
619150,135 Redwood Lane CharlestonWvv,41340.0,1262501,319465,June102023,796,596,555252 2266,July052023,Hansen Country Club,Dry stone wall construction S50 5100 Tuckpointing mortar joints 3050 59150
619150,135 Redwood Lane CharlestonWvv,41340,1262501,319465,June102023,796,596,555252 2266,July052023,Hansen Country Club,Dry stone wall construction S50 5100 Tuckpointing mortar joints 3050 59150
